url,producto_id
https://picsum.photos/seed/bp-001/800/600,1
https://picsum.photos/seed/bp-002/800/600,2
https://picsum.photos/seed/bp-003/800/600,3
https://picsum.photos/seed/bp-004/800/600,4
https://picsum.photos/seed/bp-005/800/600,5
https://picsum.photos/seed/bp-006/800/600,6
https://picsum.photos/seed/bp-007/800/600,7
https://picsum.photos/seed/bp-008/800/600,8
https://picsum.photos/seed/bp-009/800/600,9
https://picsum.photos/seed/bp-010/800/600,10
https://picsum.photos/seed/bp-011/800/600,11
https://picsum.photos/seed/bp-012/800/600,12
https://picsum.photos/seed/bp-013/800/600,13
https://picsum.photos/seed/bp-014/800/600,14
https://picsum.photos/seed/bp-015/800/600,15
https://picsum.photos/seed/bp-016/800/600,16
https://picsum.photos/seed/bp-017/800/600,17
https://picsum.photos/seed/bp-018/800/600,18
https://picsum.photos/seed/bp-019/800/600,19
https://picsum.photos/seed/bp-020/800/600,20
https://picsum.photos/seed/bp-021/800/600,21
https://picsum.photos/seed/bp-022/800/600,22
https://picsum.photos/seed/bp-023/800/600,23
https://picsum.photos/seed/bp-024/800/600,24
https://picsum.photos/seed/bp-025/800/600,25
https://picsum.photos/seed/bp-026/800/600,26
https://picsum.photos/seed/bp-027/800/600,27
https://picsum.photos/seed/bp-028/800/600,28
https://picsum.photos/seed/bp-029/800/600,29
https://picsum.photos/seed/bp-030/800/600,30
https://picsum.photos/seed/bp-031/800/600,31
https://picsum.photos/seed/bp-032/800/600,32
https://picsum.photos/seed/bp-033/800/600,33
https://picsum.photos/seed/bp-034/800/600,34
https://picsum.photos/seed/bp-035/800/600,35
https://picsum.photos/seed/bp-036/800/600,36
https://picsum.photos/seed/bp-037/800/600,37
https://picsum.photos/seed/bp-038/800/600,38
https://picsum.photos/seed/bp-039/800/600,39
https://picsum.photos/seed/bp-040/800/600,40
https://picsum.photos/seed/bp-041/800/600,41
https://picsum.photos/seed/bp-042/800/600,42
https://picsum.photos/seed/bp-043/800/600,43
https://picsum.photos/seed/bp-044/800/600,44
https://picsum.photos/seed/bp-045/800/600,45
https://picsum.photos/seed/bp-046/800/600,46
https://picsum.photos/seed/bp-047/800/600,47
https://picsum.photos/seed/bp-048/800/600,48
https://picsum.photos/seed/bp-049/800/600,49
https://picsum.photos/seed/bp-050/800/600,50
https://picsum.photos/seed/bp-051/800/600,51
https://picsum.photos/seed/bp-052/800/600,52
https://picsum.photos/seed/bp-053/800/600,53
https://picsum.photos/seed/bp-054/800/600,54
https://picsum.photos/seed/bp-055/800/600,55
https://picsum.photos/seed/bp-056/800/600,56
https://picsum.photos/seed/bp-057/800/600,57
https://picsum.photos/seed/bp-058/800/600,58
https://picsum.photos/seed/bp-059/800/600,59
https://picsum.photos/seed/bp-060/800/600,60
